timestamp,site_id,equipment_id,sensor_id,type,value,unit,status
2026-10-06T09:40:00+09:00,PLANT-01,PUMP-01,bearing_temp,temperature,45.6,°C,normal
2026-10-06T09:40:00+09:00,PLANT-01,PUMP-01,motor_current,current,31.3,A,normal
2026-10-06T09:40:00+09:00,PLANT-01,PUMP-01,vibration,vibration,2.94,mm/s,normal
2026-10-06T09:50:00+09:00,PLANT-01,PUMP-01,bearing_temp,temperature,45.4,°C,normal
2026-10-06T09:50:00+09:00,PLANT-01,PUMP-01,motor_current,current,31.9,A,normal
2026-10-06T09:50:00+09:00,PLANT-01,PUMP-01,vibration,vibration,2.85,mm/s,normal
2026-10-06T10:00:00+09:00,PLANT-01,PUMP-01,bearing_temp,temperature,45.4,°C,normal
2026-10-06T10:00:00+09:00,PLANT-01,PUMP-01,motor_current,current,31.9,A,normal
2026-10-06T10:00:00+09:00,PLANT-01,PUMP-01,vibration,vibration,2.76,mm/s,normal
2026-10-06T10:10:00+09:00,PLANT-01,PUMP-01,bearing_temp,temperature,45.9,°C,normal
2026-10-06T10:10:00+09:00,PLANT-01,PUMP-01,motor_current,current,31.2,A,normal
2026-10-06T10:10:00+09:00,PLANT-01,PUMP-01,vibration,vibration,2.77,mm/s,normal
2026-10-06T10:20:00+09:00,PLANT-01,PUMP-01,bearing_temp,temperature,45.9,°C,normal
2026-10-06T10:20:00+09:00,PLANT-01,PUMP-01,motor_current,current,32.4,A,normal
2026-10-06T10:20:00+09:00,PLANT-01,PUMP-01,vibration,vibration,2.78,mm/s,normal
2026-10-06T10:30:00+09:00,PLANT-01,PUMP-01,bearing_temp,temperature,45.7,°C,normal
2026-10-06T10:30:00+09:00,PLANT-01,PUMP-01,motor_current,current,32.1,A,normal
2026-10-06T10:30:00+09:00,PLANT-01,PUMP-01,vibration,vibration,3.03,mm/s,normal
2026-10-06T10:40:00+09:00,PLANT-01,PUMP-01,bearing_temp,temperature,46.1,°C,normal
2026-10-06T10:40:00+09:00,PLANT-01,PUMP-01,motor_current,current,31.8,A,normal
2026-10-06T10:40:00+09:00,PLANT-01,PUMP-01,vibration,vibration,3.04,mm/s,normal
2026-10-06T10:50:00+09:00,PLANT-01,PUMP-01,bearing_temp,temperature,45.5,°C,normal
2026-10-06T10:50:00+09:00,PLANT-01,PUMP-01,motor_current,current,32.5,A,normal
2026-10-06T10:50:00+09:00,PLANT-01,PUMP-01,vibration,vibration,2.83,mm/s,normal
2026-10-06T11:00:00+09:00,PLANT-01,PUMP-01,bearing_temp,temperature,45.7,°C,normal
2026-10-06T11:00:00+09:00,PLANT-01,PUMP-01,motor_current,current,31.4,A,normal
2026-10-06T11:00:00+09:00,PLANT-01,PUMP-01,vibration,vibration,2.84,mm/s,normal
2026-10-06T11:10:00+09:00,PLANT-01,PUMP-01,bearing_temp,temperature,46.5,°C,normal
2026-10-06T11:10:00+09:00,PLANT-01,PUMP-01,motor_current,current,31.5,A,normal
2026-10-06T11:10:00+09:00,PLANT-01,PUMP-01,vibration,vibration,2.92,mm/s,normal
2026-10-06T11:20:00+09:00,PLANT-01,PUMP-01,bearing_temp,temperature,46.3,°C,normal
2026-10-06T11:20:00+09:00,PLANT-01,PUMP-01,motor_current,current,31.8,A,normal
2026-10-06T11:20:00+09:00,PLANT-01,PUMP-01,vibration,vibration,2.91,mm/s,normal
2026-10-06T11:30:00+09:00,PLANT-01,PUMP-01,bearing_temp,temperature,45.7,°C,normal
2026-10-06T11:30:00+09:00,PLANT-01,PUMP-01,motor_current,current,31.3,A,normal
2026-10-06T11:30:00+09:00,PLANT-01,PUMP-01,vibration,vibration,2.81,mm/s,normal
2026-10-06T11:40:00+09:00,PLANT-01,PUMP-01,bearing_temp,temperature,46.4,°C,normal
2026-10-06T11:40:00+09:00,PLANT-01,PUMP-01,motor_current,current,31.9,A,normal
2026-10-06T11:40:00+09:00,PLANT-01,PUMP-01,vibration,vibration,2.84,mm/s,normal
2026-10-06T11:50:00+09:00,PLANT-01,PUMP-01,bearing_temp,temperature,46.3,°C,normal
2026-10-06T11:50:00+09:00,PLANT-01,PUMP-01,motor_current,current,31.9,A,normal
2026-10-06T11:50:00+09:00,PLANT-01,PUMP-01,vibration,vibration,2.84,mm/s,normal
2026-10-06T12:00:00+09:00,PLANT-01,PUMP-01,bearing_temp,temperature,46.6,°C,normal
2026-10-06T12:00:00+09:00,PLANT-01,PUMP-01,motor_current,current,32.3,A,normal
2026-10-06T12:00:00+09:00,PLANT-01,PUMP-01,vibration,vibration,2.82,mm/s,normal
2026-10-06T12:10:00+09:00,PLANT-01,PUMP-01,bearing_temp,temperature,46.4,°C,normal
2026-10-06T12:10:00+09:00,PLANT-01,PUMP-01,motor_current,current,32.0,A,normal
2026-10-06T12:10:00+09:00,PLANT-01,PUMP-01,vibration,vibration,3.01,mm/s,normal
2026-10-06T12:20:00+09:00,PLANT-01,PUMP-01,bearing_temp,temperature,46.6,°C,normal
2026-10-06T12:20:00+09:00,PLANT-01,PUMP-01,motor_current,current,31.7,A,normal
2026-10-06T12:20:00+09:00,PLANT-01,PUMP-01,vibration,vibration,3.04,mm/s,normal
2026-10-06T12:30:00+09:00,PLANT-01,PUMP-01,bearing_temp,temperature,45.8,°C,normal
2026-10-06T12:30:00+09:00,PLANT-01,PUMP-01,motor_current,current,31.9,A,normal
2026-10-06T12:30:00+09:00,PLANT-01,PUMP-01,vibration,vibration,2.98,mm/s,normal
2026-10-06T12:40:00+09:00,PLANT-01,PUMP-01,bearing_temp,temperature,45.9,°C,normal
2026-10-06T12:40:00+09:00,PLANT-01,PUMP-01,motor_current,current,32.0,A,normal
2026-10-06T12:40:00+09:00,PLANT-01,PUMP-01,vibration,vibration,2.76,mm/s,normal
2026-10-06T12:50:00+09:00,PLANT-01,PUMP-01,bearing_temp,temperature,46.5,°C,normal
2026-10-06T12:50:00+09:00,PLANT-01,PUMP-01,motor_current,current,32.4,A,normal
2026-10-06T12:50:00+09:00,PLANT-01,PUMP-01,vibration,vibration,2.92,mm/s,normal
2026-10-06T13:00:00+09:00,PLANT-01,PUMP-01,bearing_temp,temperature,46.8,°C,normal
2026-10-06T13:00:00+09:00,PLANT-01,PUMP-01,motor_current,current,31.7,A,normal
2026-10-06T13:00:00+09:00,PLANT-01,PUMP-01,vibration,vibration,2.96,mm/s,normal
2026-10-06T13:10:00+09:00,PLANT-01,PUMP-01,bearing_temp,temperature,46.4,°C,normal
2026-10-06T13:10:00+09:00,PLANT-01,PUMP-01,motor_current,current,32.1,A,normal
2026-10-06T13:10:00+09:00,PLANT-01,PUMP-01,vibration,vibration,2.88,mm/s,normal
2026-10-06T13:20:00+09:00,PLANT-01,PUMP-01,bearing_temp,temperature,46.7,°C,normal
2026-10-06T13:20:00+09:00,PLANT-01,PUMP-01,motor_current,current,32.7,A,normal
2026-10-06T13:20:00+09:00,PLANT-01,PUMP-01,vibration,vibration,2.89,mm/s,normal
2026-10-06T13:30:00+09:00,PLANT-01,PUMP-01,bearing_temp,temperature,46.5,°C,normal
2026-10-06T13:30:00+09:00,PLANT-01,PUMP-01,motor_current,current,31.2,A,normal
2026-10-06T13:30:00+09:00,PLANT-01,PUMP-01,vibration,vibration,2.96,mm/s,normal
2026-10-06T13:40:00+09:00,PLANT-01,PUMP-01,bearing_temp,temperature,46.5,°C,normal
2026-10-06T13:40:00+09:00,PLANT-01,PUMP-01,motor_current,current,32.7,A,normal
2026-10-06T13:40:00+09:00,PLANT-01,PUMP-01,vibration,vibration,2.99,mm/s,normal
2026-10-06T13:50:00+09:00,PLANT-01,PUMP-01,bearing_temp,temperature,46.1,°C,normal
2026-10-06T13:50:00+09:00,PLANT-01,PUMP-01,motor_current,current,31.7,A,normal
2026-10-06T13:50:00+09:00,PLANT-01,PUMP-01,vibration,vibration,2.95,mm/s,normal
2026-10-06T14:00:00+09:00,PLANT-01,PUMP-01,bearing_temp,temperature,45.8,°C,normal
2026-10-06T14:00:00+09:00,PLANT-01,PUMP-01,motor_current,current,31.8,A,normal
2026-10-06T14:00:00+09:00,PLANT-01,PUMP-01,vibration,vibration,2.79,mm/s,normal
2026-10-06T14:10:00+09:00,PLANT-01,PUMP-01,bearing_temp,temperature,45.9,°C,normal
2026-10-06T14:10:00+09:00,PLANT-01,PUMP-01,motor_current,current,31.2,A,normal
2026-10-06T14:10:00+09:00,PLANT-01,PUMP-01,vibration,vibration,2.97,mm/s,normal
2026-10-06T14:20:00+09:00,PLANT-01,PUMP-01,bearing_temp,temperature,45.9,°C,normal
2026-10-06T14:20:00+09:00,PLANT-01,PUMP-01,motor_current,current,31.4,A,normal
2026-10-06T14:20:00+09:00,PLANT-01,PUMP-01,vibration,vibration,2.86,mm/s,normal
2026-10-06T14:30:00+09:00,PLANT-01,PUMP-01,bearing_temp,temperature,46.8,°C,normal
2026-10-06T14:30:00+09:00,PLANT-01,PUMP-01,motor_current,current,31.1,A,normal
2026-10-06T14:30:00+09:00,PLANT-01,PUMP-01,vibration,vibration,2.88,mm/s,normal
2026-10-06T14:40:00+09:00,PLANT-01,PUMP-01,bearing_temp,temperature,46.4,°C,normal
2026-10-06T14:40:00+09:00,PLANT-01,PUMP-01,motor_current,current,32.4,A,normal
2026-10-06T14:40:00+09:00,PLANT-01,PUMP-01,vibration,vibration,2.99,mm/s,normal
2026-10-06T14:50:00+09:00,PLANT-01,PUMP-01,bearing_temp,temperature,46.7,°C,normal
2026-10-06T14:50:00+09:00,PLANT-01,PUMP-01,motor_current,current,31.4,A,normal
2026-10-06T14:50:00+09:00,PLANT-01,PUMP-01,vibration,vibration,2.86,mm/s,normal
2026-10-06T15:00:00+09:00,PLANT-01,PUMP-01,bearing_temp,temperature,46.1,°C,normal
2026-10-06T15:00:00+09:00,PLANT-01,PUMP-01,motor_current,current,32.4,A,normal
2026-10-06T15:00:00+09:00,PLANT-01,PUMP-01,vibration,vibration,3.02,mm/s,normal
2026-10-06T15:10:00+09:00,PLANT-01,PUMP-01,bearing_temp,temperature,45.9,°C,normal
2026-10-06T15:10:00+09:00,PLANT-01,PUMP-01,motor_current,current,31.2,A,normal
2026-10-06T15:10:00+09:00,PLANT-01,PUMP-01,vibration,vibration,2.8,mm/s,normal
2026-10-06T15:20:00+09:00,PLANT-01,PUMP-01,bearing_temp,temperature,46.0,°C,normal
2026-10-06T15:20:00+09:00,PLANT-01,PUMP-01,motor_current,current,31.7,A,normal
2026-10-06T15:20:00+09:00,PLANT-01,PUMP-01,vibration,vibration,2.91,mm/s,normal
2026-10-06T15:30:00+09:00,PLANT-01,PUMP-01,bearing_temp,temperature,46.0,°C,normal
2026-10-06T15:30:00+09:00,PLANT-01,PUMP-01,motor_current,current,30.9,A,normal
2026-10-06T15:30:00+09:00,PLANT-01,PUMP-01,vibration,vibration,2.86,mm/s,normal
2026-10-06T15:40:00+09:00,PLANT-01,PUMP-01,bearing_temp,temperature,46.1,°C,normal
2026-10-06T15:40:00+09:00,PLANT-01,PUMP-01,motor_current,current,31.7,A,normal
2026-10-06T15:40:00+09:00,PLANT-01,PUMP-01,vibration,vibration,3.02,mm/s,normal
2026-10-06T15:50:00+09:00,PLANT-01,PUMP-01,bearing_temp,temperature,46.5,°C,normal
2026-10-06T15:50:00+09:00,PLANT-01,PUMP-01,motor_current,current,31.6,A,normal
2026-10-06T15:50:00+09:00,PLANT-01,PUMP-01,vibration,vibration,2.91,mm/s,normal
2026-10-06T16:00:00+09:00,PLANT-01,PUMP-01,bearing_temp,temperature,46.4,°C,normal
2026-10-06T16:00:00+09:00,PLANT-01,PUMP-01,motor_current,current,30.8,A,normal
2026-10-06T16:00:00+09:00,PLANT-01,PUMP-01,vibration,vibration,3.0,mm/s,normal
2026-10-06T16:10:00+09:00,PLANT-01,PUMP-01,bearing_temp,temperature,46.5,°C,normal
2026-10-06T16:10:00+09:00,PLANT-01,PUMP-01,motor_current,current,32.1,A,normal
2026-10-06T16:10:00+09:00,PLANT-01,PUMP-01,vibration,vibration,2.97,mm/s,normal
2026-10-06T16:20:00+09:00,PLANT-01,PUMP-01,bearing_temp,temperature,46.1,°C,normal
2026-10-06T16:20:00+09:00,PLANT-01,PUMP-01,motor_current,current,31.3,A,normal
2026-10-06T16:20:00+09:00,PLANT-01,PUMP-01,vibration,vibration,2.76,mm/s,normal
2026-10-06T16:30:00+09:00,PLANT-01,PUMP-01,bearing_temp,temperature,46.3,°C,normal
2026-10-06T16:30:00+09:00,PLANT-01,PUMP-01,motor_current,current,30.7,A,normal
2026-10-06T16:30:00+09:00,PLANT-01,PUMP-01,vibration,vibration,2.74,mm/s,normal
2026-10-06T16:40:00+09:00,PLANT-01,PUMP-01,bearing_temp,temperature,45.8,°C,normal
2026-10-06T16:40:00+09:00,PLANT-01,PUMP-01,motor_current,current,30.9,A,normal
2026-10-06T16:40:00+09:00,PLANT-01,PUMP-01,vibration,vibration,2.82,mm/s,normal
2026-10-06T16:50:00+09:00,PLANT-01,PUMP-01,bearing_temp,temperature,45.6,°C,normal
2026-10-06T16:50:00+09:00,PLANT-01,PUMP-01,motor_current,current,30.6,A,normal
2026-10-06T16:50:00+09:00,PLANT-01,PUMP-01,vibration,vibration,2.76,mm/s,normal
2026-10-06T17:00:00+09:00,PLANT-01,PUMP-01,bearing_temp,temperature,45.6,°C,normal
2026-10-06T17:00:00+09:00,PLANT-01,PUMP-01,motor_current,current,31.1,A,normal
2026-10-06T17:00:00+09:00,PLANT-01,PUMP-01,vibration,vibration,2.72,mm/s,normal
2026-10-06T17:10:00+09:00,PLANT-01,PUMP-01,bearing_temp,temperature,46.5,°C,normal
2026-10-06T17:10:00+09:00,PLANT-01,PUMP-01,motor_current,current,31.5,A,normal
2026-10-06T17:10:00+09:00,PLANT-01,PUMP-01,vibration,vibration,2.76,mm/s,normal
2026-10-06T17:20:00+09:00,PLANT-01,PUMP-01,bearing_temp,temperature,45.8,°C,normal
2026-10-06T17:20:00+09:00,PLANT-01,PUMP-01,motor_current,current,31.0,A,normal
2026-10-06T17:20:00+09:00,PLANT-01,PUMP-01,vibration,vibration,2.82,mm/s,normal
2026-10-06T17:30:00+09:00,PLANT-01,PUMP-01,bearing_temp,temperature,45.6,°C,normal
2026-10-06T17:30:00+09:00,PLANT-01,PUMP-01,motor_current,current,31.8,A,normal
2026-10-06T17:30:00+09:00,PLANT-01,PUMP-01,vibration,vibration,3.01,mm/s,normal
2026-10-06T17:40:00+09:00,PLANT-01,PUMP-01,bearing_temp,temperature,46.0,°C,normal
2026-10-06T17:40:00+09:00,PLANT-01,PUMP-01,motor_current,current,31.2,A,normal
2026-10-06T17:40:00+09:00,PLANT-01,PUMP-01,vibration,vibration,2.73,mm/s,normal
2026-10-06T17:50:00+09:00,PLANT-01,PUMP-01,bearing_temp,temperature,45.5,°C,normal
2026-10-06T17:50:00+09:00,PLANT-01,PUMP-01,motor_current,current,30.9,A,normal
2026-10-06T17:50:00+09:00,PLANT-01,PUMP-01,vibration,vibration,2.79,mm/s,normal
2026-10-06T18:00:00+09:00,PLANT-01,PUMP-01,bearing_temp,temperature,46.4,°C,normal
2026-10-06T18:00:00+09:00,PLANT-01,PUMP-01,motor_current,current,30.6,A,normal
2026-10-06T18:00:00+09:00,PLANT-01,PUMP-01,vibration,vibration,2.71,mm/s,normal
2026-10-06T18:10:00+09:00,PLANT-01,PUMP-01,bearing_temp,temperature,46.5,°C,normal
2026-10-06T18:10:00+09:00,PLANT-01,PUMP-01,motor_current,current,31.1,A,normal
2026-10-06T18:10:00+09:00,PLANT-01,PUMP-01,vibration,vibration,2.75,mm/s,normal
2026-10-06T18:20:00+09:00,PLANT-01,PUMP-01,bearing_temp,temperature,46.0,°C,normal
2026-10-06T18:20:00+09:00,PLANT-01,PUMP-01,motor_current,current,30.3,A,normal
2026-10-06T18:20:00+09:00,PLANT-01,PUMP-01,vibration,vibration,2.86,mm/s,normal
2026-10-06T18:30:00+09:00,PLANT-01,PUMP-01,bearing_temp,temperature,46.5,°C,normal
2026-10-06T18:30:00+09:00,PLANT-01,PUMP-01,motor_current,current,31.6,A,normal
2026-10-06T18:30:00+09:00,PLANT-01,PUMP-01,vibration,vibration,2.91,mm/s,normal
2026-10-06T18:40:00+09:00,PLANT-01,PUMP-01,bearing_temp,temperature,45.6,°C,normal
2026-10-06T18:40:00+09:00,PLANT-01,PUMP-01,motor_current,current,30.7,A,normal
2026-10-06T18:40:00+09:00,PLANT-01,PUMP-01,vibration,vibration,2.75,mm/s,normal
2026-10-06T18:50:00+09:00,PLANT-01,PUMP-01,bearing_temp,temperature,46.2,°C,normal
2026-10-06T18:50:00+09:00,PLANT-01,PUMP-01,motor_current,current,31.0,A,normal
2026-10-06T18:50:00+09:00,PLANT-01,PUMP-01,vibration,vibration,2.93,mm/s,normal
2026-10-06T19:00:00+09:00,PLANT-01,PUMP-01,bearing_temp,temperature,45.6,°C,normal
2026-10-06T19:00:00+09:00,PLANT-01,PUMP-01,motor_current,current,30.4,A,normal
2026-10-06T19:00:00+09:00,PLANT-01,PUMP-01,vibration,vibration,2.94,mm/s,normal
2026-10-06T19:10:00+09:00,PLANT-01,PUMP-01,bearing_temp,temperature,46.4,°C,normal
2026-10-06T19:10:00+09:00,PLANT-01,PUMP-01,motor_current,current,31.4,A,normal
2026-10-06T19:10:00+09:00,PLANT-01,PUMP-01,vibration,vibration,2.93,mm/s,normal
2026-10-06T19:20:00+09:00,PLANT-01,PUMP-01,bearing_temp,temperature,46.2,°C,normal
2026-10-06T19:20:00+09:00,PLANT-01,PUMP-01,motor_current,current,31.2,A,normal
2026-10-06T19:20:00+09:00,PLANT-01,PUMP-01,vibration,vibration,2.76,mm/s,normal
2026-10-06T19:30:00+09:00,PLANT-01,PUMP-01,bearing_temp,temperature,45.8,°C,normal
2026-10-06T19:30:00+09:00,PLANT-01,PUMP-01,motor_current,current,30.5,A,normal
2026-10-06T19:30:00+09:00,PLANT-01,PUMP-01,vibration,vibration,2.7,mm/s,normal
2026-10-06T19:40:00+09:00,PLANT-01,PUMP-01,bearing_temp,temperature,45.2,°C,normal
2026-10-06T19:40:00+09:00,PLANT-01,PUMP-01,motor_current,current,30.4,A,normal
2026-10-06T19:40:00+09:00,PLANT-01,PUMP-01,vibration,vibration,2.76,mm/s,normal
2026-10-06T19:50:00+09:00,PLANT-01,PUMP-01,bearing_temp,temperature,46.0,°C,normal
2026-10-06T19:50:00+09:00,PLANT-01,PUMP-01,motor_current,current,31.4,A,normal
2026-10-06T19:50:00+09:00,PLANT-01,PUMP-01,vibration,vibration,2.82,mm/s,normal
2026-10-06T20:00:00+09:00,PLANT-01,PUMP-01,bearing_temp,temperature,46.3,°C,normal
2026-10-06T20:00:00+09:00,PLANT-01,PUMP-01,motor_current,current,31.4,A,normal
2026-10-06T20:00:00+09:00,PLANT-01,PUMP-01,vibration,vibration,2.97,mm/s,normal
2026-10-06T20:10:00+09:00,PLANT-01,PUMP-01,bearing_temp,temperature,45.6,°C,normal
2026-10-06T20:10:00+09:00,PLANT-01,PUMP-01,motor_current,current,30.2,A,normal
2026-10-06T20:10:00+09:00,PLANT-01,PUMP-01,vibration,vibration,2.75,mm/s,normal
2026-10-06T20:20:00+09:00,PLANT-01,PUMP-01,bearing_temp,temperature,45.3,°C,normal
2026-10-06T20:20:00+09:00,PLANT-01,PUMP-01,motor_current,current,30.1,A,normal
2026-10-06T20:20:00+09:00,PLANT-01,PUMP-01,vibration,vibration,2.87,mm/s,normal
2026-10-06T20:30:00+09:00,PLANT-01,PUMP-01,bearing_temp,temperature,46.2,°C,normal
2026-10-06T20:30:00+09:00,PLANT-01,PUMP-01,motor_current,current,31.1,A,normal
2026-10-06T20:30:00+09:00,PLANT-01,PUMP-01,vibration,vibration,2.82,mm/s,normal
2026-10-06T20:40:00+09:00,PLANT-01,PUMP-01,bearing_temp,temperature,45.9,°C,normal
2026-10-06T20:40:00+09:00,PLANT-01,PUMP-01,motor_current,current,31.0,A,normal
2026-10-06T20:40:00+09:00,PLANT-01,PUMP-01,vibration,vibration,2.7,mm/s,normal
2026-10-06T20:50:00+09:00,PLANT-01,PUMP-01,bearing_temp,temperature,45.9,°C,normal
2026-10-06T20:50:00+09:00,PLANT-01,PUMP-01,motor_current,current,31.1,A,normal
2026-10-06T20:50:00+09:00,PLANT-01,PUMP-01,vibration,vibration,2.91,mm/s,normal
2026-10-06T21:00:00+09:00,PLANT-01,PUMP-01,bearing_temp,temperature,46.0,°C,normal
2026-10-06T21:00:00+09:00,PLANT-01,PUMP-01,motor_current,current,30.4,A,normal
2026-10-06T21:00:00+09:00,PLANT-01,PUMP-01,vibration,vibration,2.73,mm/s,normal
2026-10-06T21:10:00+09:00,PLANT-01,PUMP-01,bearing_temp,temperature,46.0,°C,normal
2026-10-06T21:10:00+09:00,PLANT-01,PUMP-01,motor_current,current,30.2,A,normal
2026-10-06T21:10:00+09:00,PLANT-01,PUMP-01,vibration,vibration,2.91,mm/s,normal
2026-10-06T21:20:00+09:00,PLANT-01,PUMP-01,bearing_temp,temperature,46.2,°C,normal
2026-10-06T21:20:00+09:00,PLANT-01,PUMP-01,motor_current,current,30.2,A,normal
2026-10-06T21:20:00+09:00,PLANT-01,PUMP-01,vibration,vibration,2.79,mm/s,normal
2026-10-06T21:30:00+09:00,PLANT-01,PUMP-01,bearing_temp,temperature,46.2,°C,normal
2026-10-06T21:30:00+09:00,PLANT-01,PUMP-01,motor_current,current,30.7,A,normal
2026-10-06T21:30:00+09:00,PLANT-01,PUMP-01,vibration,vibration,2.72,mm/s,normal
2026-10-06T21:40:00+09:00,PLANT-01,PUMP-01,bearing_temp,temperature,45.2,°C,normal
2026-10-06T21:40:00+09:00,PLANT-01,PUMP-01,motor_current,current,29.8,A,normal
2026-10-06T21:40:00+09:00,PLANT-01,PUMP-01,vibration,vibration,2.94,mm/s,normal
2026-10-06T21:50:00+09:00,PLANT-01,PUMP-01,bearing_temp,temperature,46.0,°C,normal
2026-10-06T21:50:00+09:00,PLANT-01,PUMP-01,motor_current,current,29.8,A,normal
2026-10-06T21:50:00+09:00,PLANT-01,PUMP-01,vibration,vibration,2.92,mm/s,normal
2026-10-06T22:00:00+09:00,PLANT-01,PUMP-01,bearing_temp,temperature,46.2,°C,normal
2026-10-06T22:00:00+09:00,PLANT-01,PUMP-01,motor_current,current,30.6,A,normal
2026-10-06T22:00:00+09:00,PLANT-01,PUMP-01,vibration,vibration,2.77,mm/s,normal
2026-10-06T22:10:00+09:00,PLANT-01,PUMP-01,bearing_temp,temperature,45.7,°C,normal
2026-10-06T22:10:00+09:00,PLANT-01,PUMP-01,motor_current,current,29.7,A,normal
2026-10-06T22:10:00+09:00,PLANT-01,PUMP-01,vibration,vibration,2.67,mm/s,normal
2026-10-06T22:20:00+09:00,PLANT-01,PUMP-01,bearing_temp,temperature,46.2,°C,normal
2026-10-06T22:20:00+09:00,PLANT-01,PUMP-01,motor_current,current,30.5,A,normal
2026-10-06T22:20:00+09:00,PLANT-01,PUMP-01,vibration,vibration,2.82,mm/s,normal
2026-10-06T22:30:00+09:00,PLANT-01,PUMP-01,bearing_temp,temperature,46.1,°C,normal
2026-10-06T22:30:00+09:00,PLANT-01,PUMP-01,motor_current,current,30.2,A,normal
2026-10-06T22:30:00+09:00,PLANT-01,PUMP-01,vibration,vibration,2.92,mm/s,normal
2026-10-06T22:40:00+09:00,PLANT-01,PUMP-01,bearing_temp,temperature,46.0,°C,normal
2026-10-06T22:40:00+09:00,PLANT-01,PUMP-01,motor_current,current,29.8,A,normal
2026-10-06T22:40:00+09:00,PLANT-01,PUMP-01,vibration,vibration,2.74,mm/s,normal
2026-10-06T22:50:00+09:00,PLANT-01,PUMP-01,bearing_temp,temperature,45.4,°C,normal
2026-10-06T22:50:00+09:00,PLANT-01,PUMP-01,motor_current,current,29.8,A,normal
2026-10-06T22:50:00+09:00,PLANT-01,PUMP-01,vibration,vibration,2.84,mm/s,normal
2026-10-06T23:00:00+09:00,PLANT-01,PUMP-01,bearing_temp,temperature,45.3,°C,normal
2026-10-06T23:00:00+09:00,PLANT-01,PUMP-01,motor_current,current,30.1,A,normal
2026-10-06T23:00:00+09:00,PLANT-01,PUMP-01,vibration,vibration,2.7,mm/s,normal
2026-10-06T23:10:00+09:00,PLANT-01,PUMP-01,bearing_temp,temperature,46.1,°C,normal
2026-10-06T23:10:00+09:00,PLANT-01,PUMP-01,motor_current,current,30.0,A,normal
2026-10-06T23:10:00+09:00,PLANT-01,PUMP-01,vibration,vibration,2.8,mm/s,normal
2026-10-06T23:20:00+09:00,PLANT-01,PUMP-01,bearing_temp,temperature,45.7,°C,normal
2026-10-06T23:20:00+09:00,PLANT-01,PUMP-01,motor_current,current,30.9,A,normal
2026-10-06T23:20:00+09:00,PLANT-01,PUMP-01,vibration,vibration,2.79,mm/s,normal
2026-10-06T23:30:00+09:00,PLANT-01,PUMP-01,bearing_temp,temperature,46.2,°C,normal
2026-10-06T23:30:00+09:00,PLANT-01,PUMP-01,motor_current,current,30.2,A,normal
2026-10-06T23:30:00+09:00,PLANT-01,PUMP-01,vibration,vibration,2.82,mm/s,normal
2026-10-06T23:40:00+09:00,PLANT-01,PUMP-01,bearing_temp,temperature,45.7,°C,normal
2026-10-06T23:40:00+09:00,PLANT-01,PUMP-01,motor_current,current,29.4,A,normal
2026-10-06T23:40:00+09:00,PLANT-01,PUMP-01,vibration,vibration,2.79,mm/s,normal
2026-10-06T23:50:00+09:00,PLANT-01,PUMP-01,bearing_temp,temperature,45.3,°C,normal
2026-10-06T23:50:00+09:00,PLANT-01,PUMP-01,motor_current,current,29.4,A,normal
2026-10-06T23:50:00+09:00,PLANT-01,PUMP-01,vibration,vibration,2.9,mm/s,normal
2026-10-07T00:00:00+09:00,PLANT-01,PUMP-01,bearing_temp,temperature,45.3,°C,normal
2026-10-07T00:00:00+09:00,PLANT-01,PUMP-01,motor_current,current,30.2,A,normal
2026-10-07T00:00:00+09:00,PLANT-01,PUMP-01,vibration,vibration,2.88,mm/s,normal
2026-10-07T00:10:00+09:00,PLANT-01,PUMP-01,bearing_temp,temperature,45.8,°C,normal
2026-10-07T00:10:00+09:00,PLANT-01,PUMP-01,motor_current,current,29.9,A,normal
2026-10-07T00:10:00+09:00,PLANT-01,PUMP-01,vibration,vibration,2.82,mm/s,normal
2026-10-07T00:20:00+09:00,PLANT-01,PUMP-01,bearing_temp,temperature,45.8,°C,normal
2026-10-07T00:20:00+09:00,PLANT-01,PUMP-01,motor_current,current,30.7,A,normal
2026-10-07T00:20:00+09:00,PLANT-01,PUMP-01,vibration,vibration,2.69,mm/s,normal
2026-10-07T00:30:00+09:00,PLANT-01,PUMP-01,bearing_temp,temperature,45.8,°C,normal
2026-10-07T00:30:00+09:00,PLANT-01,PUMP-01,motor_current,current,29.8,A,normal
2026-10-07T00:30:00+09:00,PLANT-01,PUMP-01,vibration,vibration,2.74,mm/s,normal
2026-10-07T00:40:00+09:00,PLANT-01,PUMP-01,bearing_temp,temperature,46.1,°C,normal
2026-10-07T00:40:00+09:00,PLANT-01,PUMP-01,motor_current,current,30.2,A,normal
2026-10-07T00:40:00+09:00,PLANT-01,PUMP-01,vibration,vibration,2.83,mm/s,normal
2026-10-07T00:50:00+09:00,PLANT-01,PUMP-01,bearing_temp,temperature,46.1,°C,normal
2026-10-07T00:50:00+09:00,PLANT-01,PUMP-01,motor_current,current,30.9,A,normal
2026-10-07T00:50:00+09:00,PLANT-01,PUMP-01,vibration,vibration,2.79,mm/s,normal
2026-10-07T01:00:00+09:00,PLANT-01,PUMP-01,bearing_temp,temperature,46.0,°C,normal
2026-10-07T01:00:00+09:00,PLANT-01,PUMP-01,motor_current,current,30.2,A,normal
2026-10-07T01:00:00+09:00,PLANT-01,PUMP-01,vibration,vibration,2.82,mm/s,normal
2026-10-07T01:10:00+09:00,PLANT-01,PUMP-01,bearing_temp,temperature,46.1,°C,normal
2026-10-07T01:10:00+09:00,PLANT-01,PUMP-01,motor_current,current,30.2,A,normal
2026-10-07T01:10:00+09:00,PLANT-01,PUMP-01,vibration,vibration,2.82,mm/s,normal
2026-10-07T01:20:00+09:00,PLANT-01,PUMP-01,bearing_temp,temperature,45.9,°C,normal
2026-10-07T01:20:00+09:00,PLANT-01,PUMP-01,motor_current,current,31.0,A,normal
2026-10-07T01:20:00+09:00,PLANT-01,PUMP-01,vibration,vibration,2.87,mm/s,normal
2026-10-07T01:30:00+09:00,PLANT-01,PUMP-01,bearing_temp,temperature,46.4,°C,normal
2026-10-07T01:30:00+09:00,PLANT-01,PUMP-01,motor_current,current,31.0,A,normal
2026-10-07T01:30:00+09:00,PLANT-01,PUMP-01,vibration,vibration,2.74,mm/s,normal
2026-10-07T01:40:00+09:00,PLANT-01,PUMP-01,bearing_temp,temperature,46.0,°C,normal
2026-10-07T01:40:00+09:00,PLANT-01,PUMP-01,motor_current,current,31.0,A,normal
2026-10-07T01:40:00+09:00,PLANT-01,PUMP-01,vibration,vibration,2.92,mm/s,normal
2026-10-07T01:50:00+09:00,PLANT-01,PUMP-01,bearing_temp,temperature,45.6,°C,normal
2026-10-07T01:50:00+09:00,PLANT-01,PUMP-01,motor_current,current,29.7,A,normal
2026-10-07T01:50:00+09:00,PLANT-01,PUMP-01,vibration,vibration,2.8,mm/s,normal
2026-10-07T02:00:00+09:00,PLANT-01,PUMP-01,bearing_temp,temperature,45.5,°C,normal
2026-10-07T02:00:00+09:00,PLANT-01,PUMP-01,motor_current,current,29.9,A,normal
2026-10-07T02:00:00+09:00,PLANT-01,PUMP-01,vibration,vibration,2.69,mm/s,normal
2026-10-07T02:10:00+09:00,PLANT-01,PUMP-01,bearing_temp,temperature,46.3,°C,normal
2026-10-07T02:10:00+09:00,PLANT-01,PUMP-01,motor_current,current,30.8,A,normal
2026-10-07T02:10:00+09:00,PLANT-01,PUMP-01,vibration,vibration,2.94,mm/s,normal
2026-10-07T02:20:00+09:00,PLANT-01,PUMP-01,bearing_temp,temperature,45.7,°C,normal
2026-10-07T02:20:00+09:00,PLANT-01,PUMP-01,motor_current,current,30.7,A,normal
2026-10-07T02:20:00+09:00,PLANT-01,PUMP-01,vibration,vibration,2.87,mm/s,normal
2026-10-07T02:30:00+09:00,PLANT-01,PUMP-01,bearing_temp,temperature,45.7,°C,normal
2026-10-07T02:30:00+09:00,PLANT-01,PUMP-01,motor_current,current,31.0,A,normal
2026-10-07T02:30:00+09:00,PLANT-01,PUMP-01,vibration,vibration,2.96,mm/s,normal
2026-10-07T02:40:00+09:00,PLANT-01,PUMP-01,bearing_temp,temperature,45.9,°C,normal
2026-10-07T02:40:00+09:00,PLANT-01,PUMP-01,motor_current,current,31.1,A,normal
2026-10-07T02:40:00+09:00,PLANT-01,PUMP-01,vibration,vibration,2.79,mm/s,normal
2026-10-07T02:50:00+09:00,PLANT-01,PUMP-01,bearing_temp,temperature,46.2,°C,normal
2026-10-07T02:50:00+09:00,PLANT-01,PUMP-01,motor_current,current,31.2,A,normal
2026-10-07T02:50:00+09:00,PLANT-01,PUMP-01,vibration,vibration,2.92,mm/s,normal
2026-10-07T03:00:00+09:00,PLANT-01,PUMP-01,bearing_temp,temperature,45.9,°C,normal
2026-10-07T03:00:00+09:00,PLANT-01,PUMP-01,motor_current,current,30.4,A,normal
2026-10-07T03:00:00+09:00,PLANT-01,PUMP-01,vibration,vibration,2.83,mm/s,normal
2026-10-07T03:10:00+09:00,PLANT-01,PUMP-01,bearing_temp,temperature,46.1,°C,normal
2026-10-07T03:10:00+09:00,PLANT-01,PUMP-01,motor_current,current,30.0,A,normal
2026-10-07T03:10:00+09:00,PLANT-01,PUMP-01,vibration,vibration,2.77,mm/s,normal
2026-10-07T03:20:00+09:00,PLANT-01,PUMP-01,bearing_temp,temperature,46.6,°C,normal
2026-10-07T03:20:00+09:00,PLANT-01,PUMP-01,motor_current,current,29.8,A,normal
2026-10-07T03:20:00+09:00,PLANT-01,PUMP-01,vibration,vibration,2.84,mm/s,normal
2026-10-07T03:30:00+09:00,PLANT-01,PUMP-01,bearing_temp,temperature,46.4,°C,normal
2026-10-07T03:30:00+09:00,PLANT-01,PUMP-01,motor_current,current,29.8,A,normal
2026-10-07T03:30:00+09:00,PLANT-01,PUMP-01,vibration,vibration,2.78,mm/s,normal
2026-10-07T03:40:00+09:00,PLANT-01,PUMP-01,bearing_temp,temperature,46.6,°C,normal
2026-10-07T03:40:00+09:00,PLANT-01,PUMP-01,motor_current,current,30.6,A,normal
2026-10-07T03:40:00+09:00,PLANT-01,PUMP-01,vibration,vibration,2.7,mm/s,normal
2026-10-07T03:50:00+09:00,PLANT-01,PUMP-01,bearing_temp,temperature,47.1,°C,normal
2026-10-07T03:50:00+09:00,PLANT-01,PUMP-01,motor_current,current,31.1,A,normal
2026-10-07T03:50:00+09:00,PLANT-01,PUMP-01,vibration,vibration,2.97,mm/s,normal
2026-10-07T04:00:00+09:00,PLANT-01,PUMP-01,bearing_temp,temperature,46.1,°C,normal
2026-10-07T04:00:00+09:00,PLANT-01,PUMP-01,motor_current,current,30.3,A,normal
2026-10-07T04:00:00+09:00,PLANT-01,PUMP-01,vibration,vibration,2.69,mm/s,normal
2026-10-07T04:10:00+09:00,PLANT-01,PUMP-01,bearing_temp,temperature,47.0,°C,normal
2026-10-07T04:10:00+09:00,PLANT-01,PUMP-01,motor_current,current,30.3,A,normal
2026-10-07T04:10:00+09:00,PLANT-01,PUMP-01,vibration,vibration,2.78,mm/s,normal
2026-10-07T04:20:00+09:00,PLANT-01,PUMP-01,bearing_temp,temperature,46.6,°C,normal
2026-10-07T04:20:00+09:00,PLANT-01,PUMP-01,motor_current,current,31.4,A,normal
2026-10-07T04:20:00+09:00,PLANT-01,PUMP-01,vibration,vibration,3.05,mm/s,normal
2026-10-07T04:30:00+09:00,PLANT-01,PUMP-01,bearing_temp,temperature,46.4,°C,normal
2026-10-07T04:30:00+09:00,PLANT-01,PUMP-01,motor_current,current,30.2,A,normal
2026-10-07T04:30:00+09:00,PLANT-01,PUMP-01,vibration,vibration,3.15,mm/s,normal
2026-10-07T04:40:00+09:00,PLANT-01,PUMP-01,bearing_temp,temperature,46.9,°C,normal
2026-10-07T04:40:00+09:00,PLANT-01,PUMP-01,motor_current,current,31.1,A,normal
2026-10-07T04:40:00+09:00,PLANT-01,PUMP-01,vibration,vibration,2.96,mm/s,normal
2026-10-07T04:50:00+09:00,PLANT-01,PUMP-01,bearing_temp,temperature,46.3,°C,normal
2026-10-07T04:50:00+09:00,PLANT-01,PUMP-01,motor_current,current,31.1,A,normal
2026-10-07T04:50:00+09:00,PLANT-01,PUMP-01,vibration,vibration,3.12,mm/s,normal
2026-10-07T05:00:00+09:00,PLANT-01,PUMP-01,bearing_temp,temperature,46.4,°C,normal
2026-10-07T05:00:00+09:00,PLANT-01,PUMP-01,motor_current,current,31.6,A,normal
2026-10-07T05:00:00+09:00,PLANT-01,PUMP-01,vibration,vibration,3.25,mm/s,normal
2026-10-07T05:10:00+09:00,PLANT-01,PUMP-01,bearing_temp,temperature,47.3,°C,normal
2026-10-07T05:10:00+09:00,PLANT-01,PUMP-01,motor_current,current,30.2,A,normal
2026-10-07T05:10:00+09:00,PLANT-01,PUMP-01,vibration,vibration,3.38,mm/s,normal
2026-10-07T05:20:00+09:00,PLANT-01,PUMP-01,bearing_temp,temperature,46.5,°C,normal
2026-10-07T05:20:00+09:00,PLANT-01,PUMP-01,motor_current,current,31.5,A,normal
2026-10-07T05:20:00+09:00,PLANT-01,PUMP-01,vibration,vibration,3.32,mm/s,normal
2026-10-07T05:30:00+09:00,PLANT-01,PUMP-01,bearing_temp,temperature,46.9,°C,normal
2026-10-07T05:30:00+09:00,PLANT-01,PUMP-01,motor_current,current,31.1,A,normal
2026-10-07T05:30:00+09:00,PLANT-01,PUMP-01,vibration,vibration,3.52,mm/s,normal
2026-10-07T05:40:00+09:00,PLANT-01,PUMP-01,bearing_temp,temperature,46.8,°C,normal
2026-10-07T05:40:00+09:00,PLANT-01,PUMP-01,motor_current,current,30.4,A,normal
2026-10-07T05:40:00+09:00,PLANT-01,PUMP-01,vibration,vibration,3.47,mm/s,normal
2026-10-07T05:50:00+09:00,PLANT-01,PUMP-01,bearing_temp,temperature,46.9,°C,normal
2026-10-07T05:50:00+09:00,PLANT-01,PUMP-01,motor_current,current,30.4,A,normal
2026-10-07T05:50:00+09:00,PLANT-01,PUMP-01,vibration,vibration,3.42,mm/s,normal
2026-10-07T06:00:00+09:00,PLANT-01,PUMP-01,bearing_temp,temperature,46.7,°C,normal
2026-10-07T06:00:00+09:00,PLANT-01,PUMP-01,motor_current,current,30.6,A,normal
2026-10-07T06:00:00+09:00,PLANT-01,PUMP-01,vibration,vibration,3.53,mm/s,normal
2026-10-07T06:10:00+09:00,PLANT-01,PUMP-01,bearing_temp,temperature,47.1,°C,normal
2026-10-07T06:10:00+09:00,PLANT-01,PUMP-01,motor_current,current,31.6,A,normal
2026-10-07T06:10:00+09:00,PLANT-01,PUMP-01,vibration,vibration,3.58,mm/s,normal
2026-10-07T06:20:00+09:00,PLANT-01,PUMP-01,bearing_temp,temperature,47.3,°C,normal
2026-10-07T06:20:00+09:00,PLANT-01,PUMP-01,motor_current,current,30.7,A,normal
2026-10-07T06:20:00+09:00,PLANT-01,PUMP-01,vibration,vibration,3.66,mm/s,normal
2026-10-07T06:30:00+09:00,PLANT-01,PUMP-01,bearing_temp,temperature,46.8,°C,normal
2026-10-07T06:30:00+09:00,PLANT-01,PUMP-01,motor_current,current,30.8,A,normal
2026-10-07T06:30:00+09:00,PLANT-01,PUMP-01,vibration,vibration,3.62,mm/s,normal
2026-10-07T06:40:00+09:00,PLANT-01,PUMP-01,bearing_temp,temperature,47.7,°C,normal
2026-10-07T06:40:00+09:00,PLANT-01,PUMP-01,motor_current,current,31.3,A,normal
2026-10-07T06:40:00+09:00,PLANT-01,PUMP-01,vibration,vibration,3.74,mm/s,normal
2026-10-07T06:50:00+09:00,PLANT-01,PUMP-01,bearing_temp,temperature,47.5,°C,normal
2026-10-07T06:50:00+09:00,PLANT-01,PUMP-01,motor_current,current,32.0,A,normal
2026-10-07T06:50:00+09:00,PLANT-01,PUMP-01,vibration,vibration,3.78,mm/s,normal
2026-10-07T07:00:00+09:00,PLANT-01,PUMP-01,bearing_temp,temperature,48.0,°C,normal
2026-10-07T07:00:00+09:00,PLANT-01,PUMP-01,motor_current,current,31.2,A,normal
2026-10-07T07:00:00+09:00,PLANT-01,PUMP-01,vibration,vibration,3.96,mm/s,normal
2026-10-07T07:10:00+09:00,PLANT-01,PUMP-01,bearing_temp,temperature,48.0,°C,normal
2026-10-07T07:10:00+09:00,PLANT-01,PUMP-01,motor_current,current,31.2,A,normal
2026-10-07T07:10:00+09:00,PLANT-01,PUMP-01,vibration,vibration,4.02,mm/s,normal
2026-10-07T07:20:00+09:00,PLANT-01,PUMP-01,bearing_temp,temperature,47.9,°C,normal
2026-10-07T07:20:00+09:00,PLANT-01,PUMP-01,motor_current,current,32.2,A,normal
2026-10-07T07:20:00+09:00,PLANT-01,PUMP-01,vibration,vibration,4.04,mm/s,normal
2026-10-07T07:30:00+09:00,PLANT-01,PUMP-01,bearing_temp,temperature,48.1,°C,normal
2026-10-07T07:30:00+09:00,PLANT-01,PUMP-01,motor_current,current,31.8,A,normal
2026-10-07T07:30:00+09:00,PLANT-01,PUMP-01,vibration,vibration,4.19,mm/s,normal
2026-10-07T07:40:00+09:00,PLANT-01,PUMP-01,bearing_temp,temperature,47.7,°C,normal
2026-10-07T07:40:00+09:00,PLANT-01,PUMP-01,motor_current,current,31.2,A,normal
2026-10-07T07:40:00+09:00,PLANT-01,PUMP-01,vibration,vibration,4.07,mm/s,normal
2026-10-07T07:50:00+09:00,PLANT-01,PUMP-01,bearing_temp,temperature,47.4,°C,normal
2026-10-07T07:50:00+09:00,PLANT-01,PUMP-01,motor_current,current,30.8,A,normal
2026-10-07T07:50:00+09:00,PLANT-01,PUMP-01,vibration,vibration,4.34,mm/s,normal
2026-10-07T08:00:00+09:00,PLANT-01,PUMP-01,bearing_temp,temperature,47.6,°C,normal
2026-10-07T08:00:00+09:00,PLANT-01,PUMP-01,motor_current,current,31.0,A,normal
2026-10-07T08:00:00+09:00,PLANT-01,PUMP-01,vibration,vibration,4.21,mm/s,normal
2026-10-07T08:10:00+09:00,PLANT-01,PUMP-01,bearing_temp,temperature,48.4,°C,normal
2026-10-07T08:10:00+09:00,PLANT-01,PUMP-01,motor_current,current,32.2,A,normal
2026-10-07T08:10:00+09:00,PLANT-01,PUMP-01,vibration,vibration,4.45,mm/s,normal
2026-10-07T08:20:00+09:00,PLANT-01,PUMP-01,bearing_temp,temperature,47.7,°C,normal
2026-10-07T08:20:00+09:00,PLANT-01,PUMP-01,motor_current,current,31.2,A,normal
2026-10-07T08:20:00+09:00,PLANT-01,PUMP-01,vibration,vibration,4.39,mm/s,normal
2026-10-07T08:30:00+09:00,PLANT-01,PUMP-01,bearing_temp,temperature,48.0,°C,normal
2026-10-07T08:30:00+09:00,PLANT-01,PUMP-01,motor_current,current,31.1,A,normal
2026-10-07T08:30:00+09:00,PLANT-01,PUMP-01,vibration,vibration,4.5,mm/s,warning
2026-10-07T08:40:00+09:00,PLANT-01,PUMP-01,bearing_temp,temperature,47.8,°C,normal
2026-10-07T08:40:00+09:00,PLANT-01,PUMP-01,motor_current,current,32.4,A,normal
2026-10-07T08:40:00+09:00,PLANT-01,PUMP-01,vibration,vibration,4.72,mm/s,warning
2026-10-07T08:50:00+09:00,PLANT-01,PUMP-01,bearing_temp,temperature,48.2,°C,normal
2026-10-07T08:50:00+09:00,PLANT-01,PUMP-01,motor_current,current,31.3,A,normal
2026-10-07T08:50:00+09:00,PLANT-01,PUMP-01,vibration,vibration,4.78,mm/s,warning
2026-10-07T09:00:00+09:00,PLANT-01,PUMP-01,bearing_temp,temperature,48.0,°C,normal
2026-10-07T09:00:00+09:00,PLANT-01,PUMP-01,motor_current,current,31.5,A,normal
2026-10-07T09:00:00+09:00,PLANT-01,PUMP-01,vibration,vibration,4.56,mm/s,warning
2026-10-07T09:10:00+09:00,PLANT-01,PUMP-01,bearing_temp,temperature,48.1,°C,normal
2026-10-07T09:10:00+09:00,PLANT-01,PUMP-01,motor_current,current,31.7,A,normal
2026-10-07T09:10:00+09:00,PLANT-01,PUMP-01,vibration,vibration,4.77,mm/s,warning
2026-10-07T09:20:00+09:00,PLANT-01,PUMP-01,bearing_temp,temperature,47.9,°C,normal
2026-10-07T09:20:00+09:00,PLANT-01,PUMP-01,motor_current,current,31.8,A,normal
2026-10-07T09:20:00+09:00,PLANT-01,PUMP-01,vibration,vibration,4.68,mm/s,warning
2026-10-07T09:30:00+09:00,PLANT-01,PUMP-01,bearing_temp,temperature,48.0,°C,normal
2026-10-07T09:30:00+09:00,PLANT-01,PUMP-01,motor_current,current,31.2,A,normal
2026-10-07T09:30:00+09:00,PLANT-01,PUMP-01,vibration,vibration,4.86,mm/s,warning
